<?xml version="1.0" encoding="UTF-8"?>
<!DOCTYPE Antwort SYSTEM "abschlussuebung.dtd">
<Antwort>
    <AntwortZeit einheit="Milisekunden">123</AntwortZeit>
    <Gueltig>true</Gueltig>
    <Suchwort>Prosa</Suchwort>
    <Kategorie>Roman</Kategorie>
    <Treffer>1</Treffer>
    <Artikel>
        <Nummer>12345</Nummer>
        <Bilder>
            <Bild src="images/bild1.jpg" alt="erstes Bild" typ="klein"/>
            <Bild src="images/bild2.jpg" alt="zweites Bild" typ="gross"/>
        </Bilder>
        <Autor>Max Mustermann</Autor>
        <Verlag>Muster Verlag</Verlag>
        <Ausgabe>Taschenbuch</Ausgabe>
        <Jahr>2023</Jahr>
        <Gewicht einheit="gramm">350</Gewicht>
        <Masse>
            <Breite einheit="cm">12.5</Breite>
            <Hoehe einheit="cm">20.3</Hoehe>
            <Tiefe einheit="cm">2.0</Tiefe>
        </Masse>
        <Preis einheit="Euro">19.99</Preis>
        <Lager>42</Lager>
    </Artikel>
</Antwort>
